# 11、事务控制语言
## 11.1、什么是事务？
想象一个场景：小明给小花汇款5000元买iphone操作界面不管，不管什么操作界面，最终都要落实两条语句的执行。

update 存款表 set money = money -5000 where 账户=“小明”

update 存款表 set money = money + 5000 where 账户=“小花” 

当第一条语句执行成功，突然断电了（或者是其他情况），此时第二条语句就没有执行，这样就是会造成小明存款减少5000，而小花却 没有增加5000的存款。要解决这个问题，就是事务的功能了。

事务就是用来保证多条“增删改”语句执行的“一致性”：要么都执行完成，要么都没有执行。

## 11.2、事务的特点
1. 原子性：一个事务中的所有语句，应该做到：要么全做，要么一个都不做。
2. 一致性：让数据保持逻辑上的“合理性”，比如：一个商品出库时，既要让商品库中该商品数量减1，又要让对应的用户购物车中该商品的数据+1
3. 隔离性：如果多个事务同时并发执行，但每个事务就像各自独立执行一样。
4. 持久性：一个事务执行成功，则对数据来说应该是一个明确的硬盘数据更改（而不仅仅是内存中的数据变化）

## 11.3、事务模式
事务模式是指：在我们的cmd命令行模式中，是否开启了“一条语句就是一个事务”的这个开关。默认的情况下（安装后），这个模式是开启的称为“自动提交模式”；

  set autocommit = 1，这样以后每条增删改语句都会立即生效；我们可以把它关闭，那就是认为提交模式。

  set autocommit = 0，这样以后所有的增删改语句都必须在使用commit 之后才能生效。

首先，我们以前的经验都是：一条增删改语句，一旦回车，执行就完成（前提是不能出错）。现在我们关闭该模式。

```sql
mysql> set autocommit = 0;
Query OK, 0 rows affected (0.00 sec)
mysql> select * from tab1;
+------+------+
| id   | name |
+------+------+
|    1 | aa   |
|    2 | bb   |
|    5 | cc   |
|   10 | dd   |
+------+------+
4 rows in set (0.01 sec)

mysql> insert into tab1 values(11, 'test');
Query OK, 1 row affected (0.00 sec)

mysql> select * from tab1;
+------+------+
| id   | name |
+------+------+
|    1 | aa   |
|    2 | bb   |
|    5 | cc   |
|   10 | dd   |
+------+------+
4 rows in set (0.00 sec)
mysql> show variables like 'autocommit';
+---------------+-------+
| Variable_name | Value |
+---------------+-------+
| autocommit    | OFF   | # OFF 表示自动提交关闭
+---------------+-------+
1 row in set, 1 warning (0.02 sec)
```

## 11.4、事务执行的基本流程
1. 开启一个事务
start transaction; // 也可以写成begin
2. 执行多条增删改语句；// 也就是将这多条语句作为一个不可分割的整体去执行。
3. 判断这些语句的执行结果
```js
if (没有出错) {
  commit // 提交事务，此时就是一次性执行完成
} else {
  rollback // 回滚事务，此时什么都没有执行
}
```

具体分2种情况来做。在cmd中，就是凭“肉眼”观察
```sql
 mysql> show create table tab_test;
+----------+-------------------------+
| Table    | Create Table      
+----------+-------------------------+
| tab_test | CREATE TABLE `tab_test` (
  `f1` int(11) DEFAULT NULL,
  `f2` tinyint(3) DEFAULT NULL,
  `f3` int(10) DEFAULT NULL
) ENGINE=InnoDB DEFAULT CHARSET=utf8 |
+----------+-------------------------+
1 row in set (0.00 sec)

mysql> insert into tab_test values(12,23,33);
Query OK, 1 row affected (0.01 sec)

mysql> start transaction;
Query OK, 0 rows affected (0.01 sec)

mysql> insert into tab_test values(13,23,33);
Query OK, 1 row affected (0.00 sec)

mysql> insert into tab_test values(14,24,34);
Query OK, 1 row affected (0.00 sec)

mysql> commit;
Query OK, 0 rows affected (0.01 sec)

mysql> select * from tab_test;
+------+------+------+
| f1   | f2   | f3   |
+------+------+------+
|   13 |   23 |   33 |
|   14 |   24 |   34 |
+------+------+------+
2 rows in set (0.00 sec)

mysql> start transaction;
Query OK, 0 rows affected (0.00 sec)

mysql> insert into tab_test values(15,25,35);
Query OK, 1 row affected (0.00 sec)

mysql> insert into tab_test values(155,255,355);
ERROR 1264 (22003): Out of range value for column 'f2' at row 1
mysql> rollback; # 虽然上面query ok了，但是由于后面的rollback，所以一条也没有生效。
Query OK, 0 rows affected (0.00 sec)

mysql> select * from tab_test;
+------+------+------+
| f1   | f2   | f3   |
+------+------+------+
|   13 |   23 |   33 |
|   14 |   24 |   34 |
+------+------+------+
2 rows in set (0.00 sec)

mysql>
```
